RegionID,SizeRank,RegionName,RegionType,StateName,2017-11-30,2017-12-31,2018-01-31,2018-02-28,2018-03-31,2018-04-30,2018-05-31,2018-06-30,2018-07-31,2018-08-31,2018-09-30,2018-10-31,2018-11-30,2018-12-31,2019-01-31,2019-02-28,2019-03-31,2019-04-30,2019-05-31,2019-06-30,2019-07-31,2019-08-31,2019-09-30,2019-10-31,2019-11-30,2019-12-31,2020-01-31,2020-02-29,2020-03-31,2020-04-30,2020-05-31,2020-06-30,2020-07-31,2020-08-31,2020-09-30,2020-10-31,2020-11-30,2020-12-31,2021-01-31,2021-02-28,2021-03-31,2021-04-30,2021-05-31,2021-06-30,2021-07-31,2021-08-31,2021-09-30,2021-10-31,2021-11-30,2021-12-31,2022-01-31,2022-02-28,2022-03-31
102001,0,United States,Country,,274900.0,269900.0,270000.0,279000.0,289000.0,298000.0,299900.0,299900.0,299900.0,299000.0,298900.0,298000.0,294900.0,289900.0,289900.0,299000.0,305000.0,315500.0,322900.0,324500.0,319900.0,315000.0,311900.0,309900.0,300000.0,299900.0,299500.0,305000.0,315000.0,319000.0,327900.0,338000.0,340000.0,342900.0,344840.0,342990.0,339000.0,331990.0,329900.0,340000.0,352000.0,370000.0,379900.0,384900.0,379950.0,376990.0,375000.0,377924.0,375000.0,372000.0,375000.0,389000.0,400000.0
394913,1,"New York, NY",Msa,NY,519900.0,515000.0,519000.0,535000.0,549000.0,550000.0,564999.0,565000.0,550000.0,549500.0,550000.0,550000.0,550000.0,549000.0,549000.0,550000.0,565000.0,575000.0,579900.0,579900.0,575000.0,569000.0,575000.0,579000.0,579000.0,579000.0,575000.0,583000.0,599000.0,599000.0,599000.0,605000.0,629900.0,649000.0,649500.0,650000.0,659000.0,662000.0,669900.0,675000.0,675000.0,677777.0,675000.0,657000.0,649000.0,638000.0,638000.0,640000.0,649000.0,649000.0,660000.0,679900.0,689000.0
753899,2,"Los Angeles-Long Beach-Anaheim, CA",Msa,CA,798000.0,799000.0,799000.0,815000.0,848800.0,850000.0,849999.0,849000.0,825000.0,799000.0,785000.0,775000.0,760000.0,749900.0,749000.0,754557.0,785000.0,799900.0,829000.0,845000.0,849000.0,849000.0,845000.0,849000.0,849000.0,849880.0,858000.0,899000.0,905000.0,865000.0,888000.0,929900.0,960000.0,979000.0,965000.0,978000.0,995000.0,999000.0,999000.0,999900.0,1028888.0,1008888.0,1000000.0,999900.0,985000.0,949000.0,939000.0,949900.0,950000.0,950000.0,973900.0,990000.0,999900.0
394463,3,"Chicago, IL",Msa,IL,305995.0,299000.0,299000.0,319900.0,339500.0,349000.0,349900.0,346900.0,338000.0,329900.0,325000.0,319900.0,310000.0,299900.0,299900.0,320000.0,339000.0,349000.0,349500.0,346000.0,339700.0,329900.0,325000.0,319900.0,314000.0,300000.0,305000.0,324900.0,332900.0,329000.0,335000.0,345900.0,349900.0,350000.0,350000.0,349000.0,339835.0,334000.0,325000.0,340000.0,349900.0,350000.0,359900.0,356900.0,349999.0,340000.0,334900.0,329900.0,324999.0,316999.0,316990.0,329000.0,339900.0
394514,4,"Dallas-Fort Worth, TX",Msa,TX,339901.0,340000.0,345000.0,350000.0,359900.0,369000.0,369000.0,359000.0,349900.0,342500.0,339900.0,339900.0,339000.0,334900.0,330000.0,339000.0,349000.0,354900.0,359500.0,353000.0,349500.0,343200.0,340000.0,340000.0,339900.0,335000.0,330113.0,337400.0,340000.0,339900.0,349500.0,355000.0,359900.0,359900.0,359990.0,357563.0,354900.0,350990.0,352318.0,359900.0,369000.0,379900.0,390990.0,397000.0,399000.0,399999.0,402490.0,403990.0,415000.0,422990.0,425000.0,435500.0,465000.0
394974,5,"Philadelphia, PA",Msa,PA,258901.0,249900.0,249000.0,250000.0,261215.0,269900.0,278000.0,280000.0,279900.0,274900.0,274000.0,274500.0,266500.0,257500.0,250000.0,254999.0,269000.0,279000.0,289500.0,294900.0,295000.0,290000.0,295000.0,295990.0,290000.0,285000.0,283900.0,289900.0,295000.0,299000.0,310000.0,325000.0,335000.0,339000.0,335000.0,340000.0,335000.0,325000.0,324900.0,325000.0,329900.0,344900.0,345000.0,347900.0,334990.0,329630.0,329900.0,330000.0,329000.0,323990.0,315000.0,315000.0,315000.0
394692,6,"Houston, TX",Msa,TX,312906.0,315719.0,315741.0,319760.0,325539.0,329917.0,330408.0,329825.0,320593.0,315831.0,310972.0,310486.0,306113.0,306113.0,306113.0,310000.0,315831.0,320690.0,322053.0,320204.0,315734.0,310875.0,307765.0,307765.0,304464.0,301157.0,300282.0,303532.0,309903.0,309019.0,315831.0,324038.0,326521.0,330311.0,336238.0,337000.0,336990.0,332000.0,330990.0,335000.0,346995.0,353665.0,366900.0,374990.0,370990.0,370000.0,370000.0,371990.0,370990.0,370000.0,369900.0,375000.0,389000.0
395209,7,"Washington, DC",Msa,DC,439990.0,428900.0,427000.0,439000.0,459000.0,460000.0,475000.0,489340.0,475900.0,465000.0,459999.0,459900.0,449900.0,439900.0,439900.0,450000.0,475000.0,490000.0,499500.0,499000.0,489800.0,479900.0,485000.0,486392.0,485000.0,479900.0,480000.0,499900.0,524990.0,514990.0,529900.0,550000.0,553900.0,549900.0,541750.0,531999.0,524900.0,520000.0,515000.0,519915.0,525000.0,539000.0,540000.0,540900.0,529900.0,525000.0,525000.0,527900.0,525500.0,528990.0,540000.0,556990.0,571990.0
394856,8,"Miami-Fort Lauderdale, FL",Msa,FL,398604.0,398604.0,398604.0,398604.0,402641.0,402641.0,403549.0,403649.0,403549.0,402641.0,402641.0,402641.0,398604.0,398604.0,398604.0,398604.0,402528.0,402641.0,403645.0,403650.0,408696.0,405002.0,403650.0,403650.0,403650.0,403650.0,403650.0,403650.0,408696.0,402641.0,402641.0,402641.0,403650.0,408696.0,408696.0,409000.0,405000.0,402500.0,399900.0,399900.0,405000.0,,,,,472990.0,479900.0,490000.0,495300.0,500000.0,520000.0,550000.0,579000.0
394347,9,"Atlanta, GA",Msa,GA,307290.0,309000.0,313900.0,322000.0,335000.0,349000.0,350000.0,349900.0,334900.0,329000.0,325000.0,320900.0,316910.0,314900.0,309900.0,315000.0,326440.0,339000.0,349000.0,345000.0,339900.0,334900.0,329900.0,326610.0,325000.0,323920.0,321900.0,325000.0,330000.0,326200.0,335000.0,348000.0,350000.0,355000.0,359000.0,354900.0,350000.0,349900.0,349900.0,353909.0,369999.0,398900.0,399900.0,403490.0,405900.0,400602.0,400000.0,399999.0,399999.0,399900.0,397300.0,395000.0,400000.0
394404,10,"Boston, MA",Msa,MA,549000.0,535000.0,539995.0,559000.0,597000.0,599000.0,599000.0,589900.0,549900.0,529900.0,539000.0,539000.0,529900.0,525000.0,529900.0,545000.0,575000.0,594000.0,599000.0,595000.0,589900.0,575000.0,574900.0,575000.0,575000.0,573360.0,575000.0,599000.0,619000.0,599900.0,624900.0,648000.0,650000.0,649900.0,649900.0,672000.0,669000.0,659000.0,669000.0,689900.0,689900.0,695000.0,699900.0,699000.0,679900.0,655000.0,669900.0,679000.0,675000.0,694900.0,699900.0,734900.0,750000.0
395057,11,"San Francisco, CA",Msa,CA,825000.0,798500.0,799000.0,875000.0,899000.0,925000.0,950000.0,939000.0,875000.0,828000.0,849000.0,850000.0,815000.0,795000.0,788844.0,825000.0,879000.0,898000.0,925000.0,899888.0,889777.0,869000.0,899000.0,899000.0,889000.0,848888.0,849000.0,925000.0,925000.0,899000.0,958000.0,998000.0,999000.0,998000.0,999000.0,999000.0,998000.0,988000.0,980000.0,985000.0,988000.0,997684.0,995000.0,995000.0,958000.0,934575.0,928000.0,925000.0,899000.0,895000.0,899000.0,939000.0,988888.0
394532,12,"Detroit, MI",Msa,MI,225000.0,219900.0,214900.0,220000.0,239000.0,255000.0,265000.0,269000.0,259900.0,249900.0,245000.0,239000.0,229900.0,224900.0,224900.0,229900.0,244900.0,264900.0,269900.0,274900.0,269000.0,259000.0,248000.0,239900.0,230000.0,225000.0,222000.0,224900.0,237500.0,239900.0,259800.0,284000.0,289900.0,285000.0,275000.0,275000.0,269500.0,259900.0,265000.0,275000.0,289900.0,300000.0,304900.0,299900.0,292900.0,275000.0,259900.0,249900.0,239000.0,224900.0,214900.0,209600.0,219900.0
395025,13,"Riverside, CA",Msa,CA,390000.0,390000.0,392000.0,398000.0,400000.0,409999.0,409900.0,410000.0,409900.0,400000.0,399999.0,399900.0,399000.0,397000.0,399000.0,399989.0,410000.0,415000.0,420000.0,424900.0,425000.0,420000.0,415000.0,415000.0,414999.0,413990.0,415000.0,424900.0,428888.0,425000.0,430000.0,449000.0,460000.0,475000.0,480000.0,485000.0,490000.0,495000.0,489900.0,495000.0,499950.0,525000.0,539000.0,545000.0,549900.0,550000.0,549995.0,555000.0,555000.0,550880.0,549999.0,555900.0,579000.0
394976,14,"Phoenix, AZ",Msa,AZ,329000.0,329900.0,339000.0,346000.0,354000.0,354000.0,355000.0,349900.0,345000.0,339900.0,339900.0,339000.0,338999.0,339900.0,344900.0,346900.0,350000.0,358000.0,359900.0,360000.0,359900.0,363000.0,365000.0,365000.0,369900.0,374900.0,382500.0,389900.0,394500.0,,375000.0,390000.0,399900.0,400000.0,400000.0,399900.0,399000.0,399900.0,405000.0,409000.0,424900.0,435000.0,450000.0,459000.0,466000.0,469000.0,470000.0,475000.0,479990.0,480000.0,489500.0,495000.0,499900.0
395078,15,"Seattle, WA",Msa,WA,499950.0,499999.0,525000.0,559950.0,591500.0,599900.0,599950.0,599000.0,579000.0,565000.0,559950.0,569000.0,555000.0,559950.0,575000.0,599950.0,629950.0,650000.0,645900.0,635000.0,625000.0,613950.0,613893.0,619980.0,619500.0,624950.0,649900.0,668000.0,670000.0,648990.0,659950.0,670000.0,674900.0,665000.0,650000.0,639950.0,630000.0,639000.0,650000.0,675000.0,685000.0,699950.0,710000.0,704950.0,699950.0,688990.0,695000.0,695000.0,684995.0,679950.0,709900.0,749500.0,789000.0
394865,16,"Minneapolis-St Paul, MN",Msa,MN,338076.0,353576.0,372552.0,389984.0,400386.0,390088.0,384783.0,377085.0,364082.0,363042.0,353680.0,352639.0,348375.0,353576.0,369179.0,384887.0,400480.0,395185.0,390088.0,379686.0,379165.0,364082.0,363978.0,358870.0,362782.0,364082.0,379686.0,395185.0,395279.0,390088.0,395185.0,395185.0,395185.0,389984.0,374484.0,370313.0,364082.0,374380.0,375500.0,389900.0,399000.0,389987.0,389900.0,389000.0,384900.0,375000.0,375000.0,370000.0,375000.0,389000.0,403000.0,415900.0,424900.0
395056,17,"San Diego, CA",Msa,CA,699000.0,709000.0,709000.0,749000.0,749000.0,750000.0,749900.0,749000.0,729000.0,699995.0,689900.0,680000.0,675000.0,675000.0,679000.0,690000.0,710000.0,739900.0,749000.0,749000.0,745000.0,749000.0,749000.0,739000.0,740000.0,749000.0,749000.0,769000.0,791000.0,749999.0,769000.0,825000.0,850000.0,845000.0,825000.0,820000.0,799900.0,819000.0,829000.0,850000.0,850000.0,869000.0,849900.0,849000.0,845000.0,839999.0,839000.0,846000.0,849995.0,849900.0,869900.0,899000.0,900000.0
395121,18,"St. Louis, MO",Msa,MO,193900.0,189000.0,189900.0,194900.0,204900.0,215000.0,219900.0,219900.0,219400.0,219000.0,219000.0,215000.0,210000.0,204900.0,203900.0,214900.0,229500.0,239000.0,244900.0,245000.0,240800.0,239900.0,239000.0,234900.0,229900.0,225000.0,230000.0,239900.0,242500.0,245500.0,258890.0,260900.0,259900.0,256900.0,255000.0,254174.0,249900.0,245000.0,250000.0,263200.0,269900.0,279900.0,271000.0,265000.0,258000.0,249999.0,249900.0,242000.0,239900.0,245000.0,248500.0,259900.0,269900.0
395148,19,"Tampa, FL",Msa,FL,260147.0,260147.0,260147.0,260147.0,265062.0,269882.0,274701.0,274701.0,269785.0,266508.0,265062.0,260243.0,260147.0,258315.0,258315.0,260147.0,268725.0,274701.0,283858.0,283723.0,279424.0,279520.0,279424.0,278556.0,274701.0,273739.0,271713.0,274700.0,277583.0,269882.0,279424.0,288195.0,290643.0,298796.0,301679.0,307472.0,301679.0,298797.0,300000.0,300000.0,315000.0,330000.0,349900.0,359900.0,369990.0,375000.0,376900.0,385000.0,395000.0,396990.0,399000.0,419990.0,430000.0
394358,20,"Baltimore, MD",Msa,MD,309900.0,299900.0,299900.0,299900.0,315000.0,325000.0,339900.0,349000.0,349000.0,339900.0,337000.0,330000.0,320000.0,310000.0,310000.0,315000.0,325000.0,344900.0,350000.0,351075.0,351075.0,349900.0,339900.0,335000.0,329000.0,319900.0,319900.0,329900.0,340000.0,348430.0,355000.0,364990.0,369000.0,360000.0,354900.0,354900.0,343000.0,339900.0,339000.0,350000.0,365000.0,369899.0,379000.0,375000.0,369999.0,359000.0,355000.0,345500.0,340000.0,335000.0,329900.0,329500.0,350000.0
394530,21,"Denver, CO",Msa,CO,519900.0,548031.0,555000.0,560000.0,557663.0,549950.0,535000.0,524000.0,500000.0,495000.0,487000.0,479000.0,474999.0,479000.0,490000.0,506245.0,525000.0,525000.0,520000.0,520000.0,509900.0,499900.0,498900.0,495000.0,499900.0,505465.0,525000.0,549900.0,550000.0,535000.0,539990.0,550000.0,551725.0,550000.0,531900.0,516280.0,515990.0,526900.0,535000.0,550000.0,561990.0,585000.0,599999.0,610000.0,610000.0,610500.0,615000.0,619000.0,625000.0,634950.0,636605.0,650000.0,675000.0
394982,22,"Pittsburgh, PA",Msa,PA,174900.0,169900.0,169900.0,169900.0,179900.0,182000.0,187000.0,185000.0,179900.0,179900.0,179900.0,175000.0,172900.0,169998.0,169900.0,172500.0,182500.0,189900.0,195000.0,199500.0,199900.0,199000.0,197000.0,189900.0,185000.0,180000.0,184900.0,192100.0,199900.0,199900.0,214900.0,229900.0,237900.0,234000.0,230000.0,239000.0,234900.0,230000.0,239000.0,245000.0,249900.0,264900.0,259900.0,249999.0,239000.0,229900.0,229000.0,225000.0,219900.0,213000.0,209900.0,210000.0,215000.0
394998,23,"Portland, OR",Msa,OR,459672.0,464414.0,465382.0,479027.0,483817.0,483817.0,483865.0,483769.0,474091.0,464414.0,459575.0,454737.0,454737.0,454737.0,459624.0,464414.0,474177.0,476559.0,477091.0,477091.0,469349.0,464510.0,459672.0,458704.0,454833.0,459672.0,467414.0,479511.0,479027.0,464511.0,479027.0,486512.0,498285.0,493543.0,498381.0,507962.0,519671.0,527413.0,529500.0,535000.0,550000.0,575000.0,595000.0,599000.0,590000.0,579900.0,576000.0,573950.0,574950.0,577900.0,593900.0,596401.0,599900.0
394458,24,"Charlotte, NC",Msa,NC,328843.0,324973.0,327972.0,328939.0,338605.0,347321.0,348095.0,345815.0,338566.0,328939.0,325070.0,319265.0,316314.0,314331.0,314427.0,324102.0,333777.0,338614.0,348192.0,347294.0,338614.0,336679.0,331745.0,330874.0,328939.0,333122.0,332809.0,338614.0,347321.0,338517.0,351917.0,362801.0,371024.0,368205.0,368642.0,369990.0,370000.0,370003.0,369520.0,375500.0,387900.0,399990.0,408990.0,409900.0,407759.0,400900.0,405000.0,415000.0,410000.0,405000.0,407400.0,401000.0,411990.0
395045,25,"Sacramento, CA",Msa,CA,459900.0,460000.0,466000.0,475126.0,485950.0,494500.0,495000.0,485000.0,479000.0,475000.0,460000.0,459000.0,453000.0,454900.0,464950.0,478000.0,498634.0,499900.0,509900.0,524000.0,520000.0,519000.0,509900.0,499990.0,499950.0,513010.0,519000.0,527500.0,530000.0,519900.0,525000.0,539000.0,549000.0,555000.0,574900.0,572950.0,579950.0,589000.0,590000.0,584950.0,574990.0,599999.0,615000.0,619000.0,625000.0,607900.0,614900.0,620000.0,620000.0,635000.0,649000.0,650000.0,657162.0
395055,26,"San Antonio, TX",Msa,TX,279900.0,280000.0,279999.0,280000.0,289000.0,296970.0,299284.0,299000.0,295000.0,287000.0,283900.0,280000.0,280400.0,282000.0,279999.0,279900.0,285000.0,290000.0,295000.0,294435.0,289900.0,285000.0,284900.0,279990.0,279000.0,277999.0,278900.0,280000.0,289000.0,289500.0,292000.0,299900.0,300000.0,299900.0,299000.0,295000.0,289999.0,289000.0,289000.0,294900.0,300000.0,307415.0,311490.0,330000.0,347500.0,348999.0,347900.0,347509.0,340000.0,344499.0,350000.0,366990.0,374990.0
394943,27,"Orlando, FL",Msa,FL,299900.0,299900.0,299900.0,309000.0,319000.0,325000.0,325000.0,325000.0,324900.0,319900.0,315000.0,309900.0,300000.0,299940.0,299900.0,300000.0,310490.0,320000.0,325000.0,325000.0,325000.0,325000.0,326880.0,325000.0,325000.0,325000.0,324900.0,329900.0,330900.0,316270.0,320000.0,325990.0,330000.0,330000.0,332590.0,334900.0,332500.0,330000.0,327990.0,329000.0,337310.0,347775.0,352990.0,370000.0,379900.0,385000.0,389999.0,399800.0,398990.0,399900.0,409900.0,422900.0,443990.0
394466,28,"Cincinnati, OH",Msa,OH,224900.0,215000.0,215000.0,229900.0,249900.0,265000.0,269900.0,267900.0,259900.0,249900.0,245000.0,240000.0,238990.0,229900.0,229900.0,250000.0,269900.0,279000.0,289500.0,288270.0,285000.0,279000.0,272000.0,265000.0,259900.0,259000.0,264900.0,284900.0,299900.0,302000.0,325000.0,339000.0,335000.0,328500.0,319000.0,314900.0,305900.0,312900.0,318000.0,333100.0,347890.0,359990.0,375000.0,363400.0,345000.0,334900.0,329900.0,329900.0,329715.0,333490.0,349900.0,359990.0,365000.0
394475,29,"Cleveland, OH",Msa,OH,164900.0,159900.0,159900.0,164900.0,169900.0,179500.0,179900.0,185308.0,185000.0,179900.0,179900.0,179800.0,175000.0,174900.0,174500.0,179900.0,184995.0,191312.0,199500.0,199900.0,199000.0,189900.0,189900.0,185000.0,179900.0,179900.0,179900.0,182000.0,195000.0,199000.0,209900.0,219900.0,225000.0,218000.0,199900.0,199900.0,190000.0,189000.0,195000.0,214490.0,229900.0,244900.0,239900.0,229000.0,224000.0,209900.0,199900.0,194900.0,195900.0,190000.0,184900.0,174900.0,179900.0
394735,30,"Kansas City, MO",Msa,MO,254018.0,250000.0,259950.0,269900.0,279000.0,275000.0,278000.0,275000.0,272000.0,269900.0,275950.0,295000.0,289900.0,295000.0,304900.0,320900.0,335000.0,339000.0,339900.0,330000.0,320000.0,309900.0,309000.0,305900.0,300000.0,300000.0,319900.0,330790.0,349000.0,349000.0,360000.0,369900.0,364950.0,350000.0,345000.0,339950.0,339856.0,339500.0,347950.0,374950.0,388990.0,390000.0,395000.0,384900.0,369000.0,350000.0,352030.0,359900.0,369000.0,389950.0,413950.0,425500.0,429000.0
394775,31,"Las Vegas, NV",Msa,NV,289500.0,290000.0,291000.0,294900.0,299000.0,325000.0,349000.0,350000.0,349000.0,344900.0,330000.0,324997.0,319900.0,319900.0,314993.0,309999.0,312900.0,317000.0,320000.0,324999.0,325000.0,323000.0,319900.0,319900.0,320000.0,320000.0,324000.0,332942.0,345000.0,329000.0,325900.0,334900.0,343900.0,345000.0,345000.0,349000.0,347500.0,345000.0,345000.0,345000.0,372900.0,398950.0,420000.0,430000.0,430000.0,445500.0,457500.0,466000.0,475000.0,489000.0,499900.0,510000.0,520000.0
394492,32,"Columbus, OH",Msa,OH,249900.0,249900.0,263000.0,293000.0,299900.0,314990.0,320000.0,317400.0,309900.0,295000.0,279900.0,274900.0,269500.0,260000.0,264900.0,285000.0,310500.0,324900.0,325000.0,327900.0,325000.0,307886.0,294900.0,282500.0,279900.0,278000.0,289900.0,308900.0,319900.0,319900.0,339900.0,349900.0,345000.0,329900.0,315000.0,319900.0,320000.0,323990.0,322990.0,333990.0,345000.0,349990.0,349900.0,344990.0,342500.0,335000.0,329000.0,334990.0,349000.0,351990.0,358900.0,367990.0,367900.0
394705,33,"Indianapolis, IN",Msa,IN,211500.0,209900.0,212900.0,225000.0,244900.0,285000.0,287900.0,279990.0,270000.0,259000.0,249900.0,239900.0,229900.0,229000.0,230000.0,245000.0,269900.0,285000.0,289900.0,284900.0,279900.0,274500.0,270000.0,264900.0,259000.0,250000.0,259900.0,273964.0,285900.0,289900.0,299900.0,316900.0,315000.0,314900.0,299000.0,285000.0,279000.0,275000.0,279000.0,286356.0,299000.0,303704.0,304990.0,302250.0,299900.0,304999.0,309990.0,307995.0,310995.0,319900.0,321995.0,329900.0,329900.0
395059,34,"San Jose, CA",Msa,CA,1075000.0,1050000.0,1088888.0,1175000.0,1200000.0,1250000.0,1280000.0,1249000.0,1199000.0,1150000.0,1118000.0,1098000.0,1049888.0,998000.0,998888.0,1099000.0,1100000.0,1139999.0,1178000.0,1150000.0,1104420.0,1099800.0,1099950.0,1099000.0,1089999.0,1028350.0,1098888.0,1198000.0,1200000.0,1179000.0,1199000.0,1250000.0,1263352.0,1250000.0,1249985.0,1245700.0,1250000.0,1199000.0,1199888.0,1250000.0,1255000.0,1250000.0,1299900.0,1299900.0,1290000.0,1268888.0,1279000.0,1251000.0,1199999.0,1198000.0,1288000.0,1350000.0,1399999.0
394355,35,"Austin, TX",Msa,TX,354686.0,351038.0,350947.0,360146.0,363803.0,364706.0,364259.0,363803.0,355597.0,347601.0,345568.0,341921.0,337316.0,332803.0,333765.0,341921.0,353648.0,361068.0,360156.0,346479.0,336450.0,333714.0,328243.0,327241.0,328195.0,319126.0,327332.0,339675.0,349903.0,349443.0,363803.0,378392.0,382951.0,392602.0,399363.0,400990.0,405500.0,399500.0,407990.0,439000.0,455000.0,480000.0,499000.0,499999.0,511000.0,510000.0,524990.0,525000.0,524990.0,524990.0,528508.0,552429.0,594999.0
395194,36,"Virginia Beach, VA",Msa,VA,260115.0,257118.0,257118.0,259148.0,265820.0,270558.0,275490.0,276554.0,277521.0,275587.0,275587.0,270742.0,270655.0,270268.0,273169.0,279455.0,285256.0,289995.0,289995.0,289995.0,289995.0,289995.0,289124.0,289124.0,289995.0,289995.0,289995.0,290082.0,299568.0,302159.0,309334.0,315223.0,319004.0,319004.0,314169.0,316000.0,308850.0,299900.0,299900.0,299990.0,305000.0,314995.0,310000.0,305000.0,300000.0,300000.0,300000.0,300000.0,300000.0,300000.0,300000.0,310000.0,319900.0
394902,37,"Nashville, TN",Msa,TN,374900.0,372500.0,370400.0,378900.0,379900.0,379999.0,379000.0,374900.0,369000.0,359900.0,359999.0,359500.0,354900.0,354900.0,355000.0,354900.0,359900.0,365000.0,369000.0,369900.0,364000.0,359900.0,359900.0,359000.0,354900.0,354000.0,350000.0,355000.0,359900.0,359988.0,369000.0,375000.0,379900.0,379900.0,384990.0,380000.0,378830.0,379900.0,385000.0,402900.0,410000.0,424990.0,439000.0,450000.0,454990.0,449900.0,450000.0,465000.0,465000.0,459900.0,456990.0,489900.0,520750.0
395005,38,"Providence, RI",Msa,RI,346011.0,345591.0,346011.0,351360.0,361848.0,366568.0,367092.0,366988.0,367092.0,367092.0,366988.0,361743.0,355555.0,351360.0,356499.0,366044.0,376532.0,387020.0,387964.0,387964.0,387964.0,387964.0,387020.0,382825.0,377476.0,366988.0,367092.0,387020.0,398453.0,398453.0,408941.0,419429.0,430023.0,424778.0,409046.0,398453.0,393313.0,397509.0,399000.0,425000.0,400000.0,415000.0,424000.0,442000.0,445000.0,439900.0,429900.0,439900.0,429900.0,425000.0,449000.0,450000.0,459000.0
394862,39,"Milwaukee, WI",Msa,WI,219900.0,214500.0,213900.0,224900.0,239900.0,249000.0,257000.0,259900.0,254900.0,249900.0,240000.0,239000.0,229900.0,229000.0,234900.0,239900.0,239900.0,235000.0,239900.0,243500.0,240000.0,239900.0,229900.0,225000.0,224500.0,215000.0,219900.0,229900.0,245000.0,249900.0,259900.0,260000.0,260000.0,249900.0,242500.0,239000.0,232000.0,225000.0,220000.0,224900.0,229900.0,234900.0,244900.0,229900.0,215000.0,210000.0,209900.0,200000.0,199900.0,190000.0,194900.0,195000.0,209000.0
394714,40,"Jacksonville, FL",Msa,FL,299000.0,299900.0,305000.0,309900.0,315000.0,319000.0,315741.0,314900.0,308667.0,299999.0,299000.0,295000.0,294900.0,298990.0,295090.0,299000.0,305000.0,310000.0,320000.0,312045.0,300000.0,299990.0,299000.0,299900.0,299000.0,296985.0,299900.0,308900.0,310000.0,302990.0,315000.0,319000.0,319900.0,319000.0,315000.0,310000.0,303000.0,306950.0,309711.0,314990.0,325990.0,340000.0,350000.0,350000.0,350490.0,356900.0,364990.0,365387.0,366000.0,371950.0,375000.0,388990.0,415000.0
394849,41,"Memphis, TN",Msa,TN,195091.0,184757.0,180853.0,180853.0,180948.0,189995.0,190376.0,203709.0,204757.0,207328.0,208566.0,209424.0,208090.0,199995.0,199995.0,200948.0,208566.0,214281.0,223804.0,223804.0,223804.0,223709.0,222376.0,223709.0,223804.0,223804.0,219042.0,223709.0,233232.0,233328.0,240566.0,249518.0,252375.0,251327.0,238080.0,242851.0,247613.0,239032.0,240500.0,239700.0,249000.0,254543.0,264990.0,259900.0,259900.0,265000.0,265000.0,270000.0,270000.0,260000.0,249900.0,239900.0,234000.0
394935,42,"Oklahoma City, OK",Msa,OK,235502.0,235759.0,236428.0,241671.0,249889.0,251956.0,255042.0,251956.0,251956.0,246712.0,246712.0,246712.0,246814.0,246712.0,252599.0,261006.0,272421.0,279202.0,280741.0,276638.0,272524.0,267177.0,267279.0,267382.0,267382.0,267279.0,272524.0,279209.0,283220.0,282808.0,293092.0,304358.0,300178.0,297206.0,293092.0,293277.0,293082.0,291035.0,292700.0,302900.0,313600.0,325000.0,325000.0,318840.0,315000.0,309500.0,305000.0,301089.0,310270.0,319900.0,335000.0,351340.0,363376.0
394807,43,"Louisville-Jefferson County, KY",Msa,KY,230000.0,229000.0,237000.0,254900.0,269900.0,274900.0,279000.0,275900.0,269500.0,269000.0,265000.0,263900.0,257499.0,250000.0,254900.0,266900.0,278900.0,289500.0,294000.0,289900.0,285000.0,279000.0,269900.0,259900.0,250000.0,246900.0,249500.0,263900.0,280818.0,289900.0,299900.0,299900.0,299000.0,291800.0,274900.0,269555.0,257500.0,258500.0,260000.0,274900.0,284900.0,289900.0,295000.0,294900.0,285000.0,284900.0,275000.0,275000.0,275000.0,276990.0,279900.0,291440.0,299900.0
394669,44,"Hartford, CT",Msa,CT,273053.0,271914.0,279609.0,286279.0,297463.0,297463.0,297463.0,297566.0,297463.0,296540.0,292435.0,292333.0,287202.0,287202.0,287202.0,293359.0,297565.0,307724.0,307724.0,315522.0,307724.0,306801.0,303620.0,297566.0,297463.0,296540.0,294488.0,297565.0,314907.0,317985.0,328246.0,338507.0,348562.0,347844.0,338507.0,337583.0,333376.0,328246.0,329900.0,339900.0,349900.0,354900.0,349900.0,335000.0,330000.0,325000.0,325000.0,324800.0,325000.0,339900.0,349900.0,359900.0,359900.0
395022,45,"Richmond, VA",Msa,VA,304264.0,295925.0,294039.0,306936.0,319637.0,329129.0,330109.0,329026.0,330058.0,323444.0,314685.0,309526.0,309474.0,309423.0,309423.0,314685.0,335320.0,345586.0,350537.0,349764.0,346669.0,335320.0,330161.0,325002.0,324899.0,329986.0,333205.0,340365.0,350744.0,360082.0,369368.0,380717.0,381645.0,381697.0,377570.0,379990.0,384618.0,389000.0,390590.0,396900.0,399999.0,399790.0,398000.0,386500.0,375075.0,379000.0,377000.0,384990.0,395000.0,407990.0,418990.0,423900.0,395000.0
394910,46,"New Orleans, LA",Msa,LA,249999.0,247777.0,240000.0,240000.0,249500.0,259000.0,262500.0,265000.0,263500.0,259900.0,255900.0,254900.0,250000.0,250000.0,249900.0,255000.0,263000.0,269900.0,274900.0,272000.0,269900.0,269000.0,268500.0,267000.0,265900.0,262500.0,259900.0,262000.0,269900.0,275000.0,283900.0,288900.0,292400.0,299000.0,299000.0,299000.0,299000.0,299000.0,295000.0,294560.0,299900.0,319000.0,325000.0,329000.0,325000.0,319000.0,319900.0,325000.0,329900.0,329000.0,335000.0,337875.0,335000.0
394425,47,"Buffalo, NY",Msa,NY,192413.0,186912.0,186912.0,197913.0,208915.0,214415.0,219916.0,219916.0,219916.0,217276.0,214525.0,208915.0,203414.0,197913.0,198023.0,206715.0,209025.0,219916.0,230917.0,230917.0,231027.0,219916.0,219077.0,218926.0,208915.0,208915.0,208915.0,208915.0,219916.0,230917.0,243019.0,253030.0,252920.0,241919.0,241919.0,236418.0,230917.0,228827.0,229900.0,249900.0,259900.0,269900.0,269000.0,259000.0,249900.0,239900.0,235000.0,230000.0,229900.0,229900.0,229000.0,229900.0,239999.0
395012,48,"Raleigh, NC",Msa,NC,345892.0,344931.0,341182.0,350793.0,365113.0,370010.0,369919.0,365113.0,364248.0,360164.0,354637.0,345027.0,344066.0,341182.0,339260.0,345988.0,360404.0,370015.0,374724.0,370015.0,361269.0,360308.0,360308.0,355502.0,348390.0,345892.0,345892.0,355502.0,364152.0,356730.0,371301.0,379625.0,384335.0,386353.0,390476.0,392000.0,389339.0,389900.0,392000.0,399900.0,406831.0,411990.0,415200.0,419990.0,425000.0,425000.0,425000.0,424900.0,426200.0,425000.0,425000.0,432000.0,456025.0
394388,49,"Birmingham, AL",Msa,AL,209900.0,205900.0,204250.0,211500.0,229900.0,238353.0,239900.0,239900.0,239900.0,239900.0,234900.0,229000.0,229000.0,229900.0,229900.0,239900.0,249900.0,259900.0,265900.0,269900.0,275000.0,270000.0,272000.0,274305.0,269900.0,264995.0,264900.0,267500.0,269900.0,269900.0,279900.0,284500.0,281500.0,279500.0,270000.0,274900.0,275000.0,278440.0,278100.0,280900.0,284900.0,295900.0,299000.0,292900.0,289000.0,290000.0,289900.0,300850.0,302900.0,296345.0,285462.0,260000.0,250000.0
395053,50,"Salt Lake City, UT",Msa,UT,409946.0,414259.0,424909.0,425761.0,435558.0,442959.0,447166.0,447219.0,447272.0,440776.0,432257.0,425441.0,424909.0,425441.0,425867.0,436516.0,447166.0,463140.0,468464.0,468038.0,457868.0,452597.0,452597.0,452490.0,455217.0,463246.0,473683.0,489859.0,489859.0,468464.0,479114.0,499454.0,500519.0,495727.0,495194.0,495088.0,510741.0,531402.0,535000.0,535000.0,525000.0,549000.0,569900.0,570000.0,553414.0,556146.0,545000.0,540000.0,550000.0,573990.0,585000.0,598800.0,620300.0
395031,51,"Rochester, NY",Msa,NY,181937.0,181937.0,187398.0,203354.0,212135.0,223700.0,230125.0,224771.0,213099.0,208814.0,203354.0,198107.0,195858.0,203354.0,214062.0,230231.0,240941.0,253684.0,251542.0,248972.0,246188.0,235479.0,224771.0,214062.0,212992.0,203461.0,215990.0,240834.0,251649.0,267605.0,267605.0,267605.0,269843.0,267053.0,245760.0,246188.0,246188.0,267053.0,269900.0,287200.0,284900.0,274900.0,259900.0,250000.0,249900.0,235000.0,219997.0,219000.0,219000.0,212450.0,225000.0,229900.0,219900.0
394640,52,"Grand Rapids, MI",Msa,MI,255000.0,259900.0,270000.0,280000.0,295000.0,300000.0,299900.0,300000.0,295000.0,285500.0,284900.0,285900.0,289900.0,289900.0,289900.0,299000.0,308000.0,315000.0,314900.0,309900.0,308000.0,299900.0,299000.0,289900.0,289900.0,289900.0,299000.0,304900.0,314900.0,319900.0,319900.0,319900.0,324000.0,320000.0,319900.0,316186.0,320000.0,326178.0,332140.0,348000.0,353246.0,358289.0,371900.0,379000.0,380000.0,375900.0,374400.0,365000.0,369900.0,384832.0,399900.0,419900.0,425000.0
395167,53,"Tucson, AZ",Msa,AZ,259900.0,259900.0,263000.0,270000.0,275000.0,280000.0,285000.0,279000.0,279900.0,284000.0,285000.0,279990.0,279500.0,279500.0,280000.0,287500.0,297000.0,299900.0,299900.0,295000.0,294000.0,291660.0,294900.0,294850.0,293840.0,289900.0,295000.0,299900.0,300000.0,296900.0,304900.0,325000.0,329900.0,335000.0,320000.0,315000.0,324532.0,325000.0,330590.0,349900.0,367990.0,379900.0,382920.0,386520.0,379900.0,375000.0,370000.0,365000.0,369000.0,369900.0,374900.0,387000.0,399900.0
753924,54,"Urban Honolulu, HI",Msa,HI,658000.0,665000.0,670000.0,650000.0,643888.0,650000.0,659000.0,665000.0,665000.0,675000.0,675000.0,659000.0,660000.0,668000.0,679000.0,668000.0,670000.0,668000.0,669000.0,674000.0,669000.0,665000.0,650000.0,649900.0,649000.0,645000.0,634300.0,630000.0,625000.0,610000.0,599000.0,605000.0,615000.0,599000.0,585000.0,589000.0,599000.0,610000.0,599000.0,550000.0,579000.0,597000.0,625000.0,650000.0,680000.0,699000.0,695000.0,680000.0,679000.0,665000.0,675000.0,695000.0,720000.0
395169,55,"Tulsa, OK",Msa,OK,193605.0,190355.0,191284.0,195927.0,203355.0,207998.0,206605.0,204284.0,205106.0,204284.0,204191.0,204191.0,204284.0,204191.0,205212.0,212641.0,221926.0,227498.0,232141.0,231212.0,232048.0,229819.0,233300.0,236690.0,236783.0,236783.0,232048.0,236783.0,246069.0,250665.0,259997.0,273926.0,274761.0,273926.0,273926.0,277000.0,275000.0,273590.0,272843.0,274900.0,,309900.0,308708.0,290000.0,288500.0,287000.0,289500.0,289900.0,281321.0,280800.0,299500.0,320000.0,326380.0
394619,56,"Fresno, CA",Msa,CA,336180.0,336595.0,331417.0,327171.0,336492.0,341256.0,341774.0,343845.0,341773.0,336595.0,336077.0,334090.0,330381.0,326238.0,321060.0,326135.0,331417.0,346042.0,357309.0,362487.0,370203.0,361451.0,361451.0,356221.0,347418.0,352027.0,354202.0,357205.0,366702.0,362384.0,372844.0,383356.0,392522.0,392263.0,390751.0,388379.0,393557.0,388379.0,389900.0,387900.0,395000.0,417250.0,429900.0,425000.0,420000.0,420000.0,429450.0,439888.0,449000.0,458000.0,449900.0,,425000.0
395238,57,"Worcester, MA",Msa,MA,277085.0,276999.0,281872.0,286554.0,295249.0,310441.0,315218.0,315218.0,315266.0,312925.0,310441.0,305663.0,304476.0,296204.0,300026.0,310536.0,324773.0,339106.0,343883.0,348661.0,342068.0,334328.0,333468.0,332417.0,328595.0,325824.0,329551.0,334328.0,358216.0,362993.0,370733.0,382199.0,382198.0,381243.0,381148.0,385000.0,389900.0,399000.0,399900.0,399900.0,399900.0,399825.0,399999.0,421000.0,410000.0,400000.0,400000.0,399900.0,399000.0,389900.0,389900.0,405000.0,425000.0
394415,58,"Stamford, CT",Msa,CT,663012.0,658795.0,705175.0,768419.0,786233.0,778960.0,789500.0,778960.0,737851.0,736797.0,736797.0,736797.0,727205.0,727209.0,727310.0,737745.0,764203.0,768419.0,761040.0,736797.0,716664.0,685147.0,685147.0,700958.0,700958.0,699799.0,710972.0,732580.0,736797.0,732580.0,763149.0,789500.0,789500.0,779908.0,764203.0,757878.0,736797.0,747337.0,749900.0,849000.0,839000.0,799000.0,824900.0,795000.0,730000.0,684000.0,685000.0,679000.0,729900.0,739000.0,799900.0,925000.0,895000.0
394312,59,"Albuquerque, NM",Msa,NM,253054.0,250987.0,253157.0,258219.0,265557.0,273823.0,277956.0,275890.0,268553.0,263490.0,258324.0,263387.0,263387.0,263232.0,263490.0,273720.0,278959.0,284156.0,285706.0,288610.0,288806.0,288610.0,288289.0,289219.0,287897.0,284156.0,294386.0,308955.0,309989.0,309989.0,330655.0,351320.0,357107.0,357417.0,352715.0,340884.0,335821.0,337361.0,339988.0,340000.0,354990.0,357500.0,369000.0,369900.0,369900.0,370000.0,375000.0,390000.0,385000.0,379990.0,394990.0,394990.0,410370.0
394308,60,"Albany, NY",Msa,NY,239337.0,242233.0,250029.0,250586.0,255040.0,254818.0,255597.0,262001.0,267180.0,266178.0,261723.0,263950.0,266734.0,261723.0,261723.0,267180.0,272748.0,277872.0,278317.0,278428.0,283886.0,277315.0,267291.0,273862.0,273974.0,272748.0,267180.0,277203.0,286670.0,289454.0,299589.0,316851.0,322866.0,317408.0,300703.0,302705.0,296332.0,297288.0,299000.0,304900.0,314900.0,314400.0,299500.0,279900.0,279900.0,275000.0,269900.0,264900.0,262500.0,265000.0,263400.0,274500.0,285000.0
394938,61,"Omaha, NE",Msa,NE,272620.0,277669.0,282617.0,296172.0,302811.0,312958.0,311999.0,302912.0,302861.0,301902.0,295290.0,283879.0,282525.0,287665.0,292714.0,307960.0,328154.0,331082.0,328053.0,320077.0,321745.0,313009.0,301801.0,290795.0,288675.0,292714.0,297863.0,315159.0,320480.0,318057.0,328053.0,333152.0,331082.0,328154.0,319572.0,321268.0,318187.0,320736.0,322166.0,339000.0,340500.0,340000.0,337666.0,320000.0,310000.0,315000.0,305000.0,309999.0,324575.0,354990.0,385000.0,400000.0,396500.0
394908,62,"New Haven, CT",Msa,CT,282438.0,282438.0,287774.0,302425.0,312889.0,323354.0,328586.0,329633.0,324296.0,313936.0,313831.0,312889.0,303471.0,298239.0,298239.0,308599.0,319063.0,330156.0,324296.0,319168.0,313831.0,308704.0,303367.0,303367.0,302425.0,298239.0,298134.0,303367.0,313831.0,313831.0,339992.0,344283.0,355689.0,348050.0,340097.0,334760.0,331725.0,313935.0,314900.0,324900.0,330000.0,359000.0,359900.0,349900.0,344900.0,339900.0,330000.0,339900.0,339900.0,329900.0,344900.0,349000.0,370000.0
394357,63,"Bakersfield, CA",Msa,CA,251033.0,250164.0,248232.0,259822.0,266535.0,267067.0,270351.0,270351.0,265618.0,260692.0,255959.0,253061.0,251033.0,249101.0,246203.0,246300.0,255851.0,265946.0,265618.0,265618.0,269481.0,263686.0,259822.0,255862.0,255862.0,255862.0,259484.0,260788.0,269481.0,265618.0,265618.0,270351.0,277691.0,288799.0,293628.0,301394.0,299327.0,286867.0,288000.0,289999.0,299900.0,314900.0,325000.0,321000.0,329000.0,320000.0,320000.0,329900.0,349500.0,349900.0,340000.0,345000.0,359900.0
394753,64,"Knoxville, TN",Msa,TN,265250.0,263900.0,259900.0,265000.0,275000.0,289900.0,294900.0,290000.0,284900.0,275000.0,272000.0,269900.0,264900.0,269000.0,264000.0,267900.0,279900.0,289900.0,299900.0,299900.0,305000.0,299900.0,299000.0,289900.0,279900.0,279900.0,279900.0,289900.0,299999.0,304900.0,315756.0,334900.0,345000.0,345000.0,329995.0,319900.0,299995.0,299900.0,299900.0,300000.0,319999.0,360500.0,359900.0,350000.0,340000.0,345000.0,349000.0,334990.0,330000.0,339900.0,349900.0,375000.0,375000.0
394653,65,"Greenville, SC",Msa,SC,257623.0,255672.0,255672.0,262834.0,268982.0,273766.0,274712.0,277555.0,274618.0,273766.0,263116.0,260409.0,260409.0,255767.0,255767.0,263772.0,271592.0,279449.0,283712.0,274618.0,269095.0,265145.0,264293.0,265145.0,265003.0,260503.0,260504.0,273860.0,273982.0,269977.0,283049.0,291764.0,284813.0,287975.0,285133.0,286100.0,283900.0,278307.0,275555.0,284900.0,297200.0,315601.0,318900.0,326900.0,330000.0,335000.0,337900.0,325290.0,325000.0,325000.0,331900.0,349990.0,352900.0
394952,66,"Ventura, CA",Msa,CA,777000.0,789000.0,774995.0,779000.0,779000.0,799000.0,759957.0,759000.0,750000.0,734999.0,699990.0,699900.0,690000.0,680000.0,694999.0,699000.0,709000.0,729000.0,739000.0,749900.0,759950.0,775000.0,788000.0,789000.0,774000.0,779000.0,789900.0,812500.0,830000.0,780000.0,799000.0,839950.0,859000.0,869950.0,874900.0,869000.0,849000.0,869750.0,875000.0,949500.0,945900.0,935000.0,959000.0,899900.0,920000.0,873000.0,889000.0,906924.0,899000.0,899999.0,925000.0,919950.0,965000.0
394318,67,"Allentown, PA",Msa,PA,239651.0,239651.0,231766.0,238692.0,248282.0,253610.0,255635.0,255741.0,259791.0,250946.0,245084.0,244979.0,239757.0,239651.0,236561.0,244979.0,255635.0,261069.0,266291.0,266397.0,271714.0,266291.0,265278.0,261069.0,259897.0,255635.0,255741.0,266397.0,287602.0,282381.0,287602.0,293996.0,307955.0,308914.0,307955.0,317013.0,316373.0,319570.0,322000.0,339900.0,341995.0,340000.0,347995.0,330000.0,329000.0,330000.0,349000.0,339900.0,339000.0,349900.0,350200.0,349900.0,365000.0
394561,68,"El Paso, TX",Msa,TX,184067.0,184111.0,183305.0,184667.0,184667.0,185157.0,186246.0,190114.0,191694.0,193873.0,192293.0,192293.0,193927.0,196106.0,201009.0,203084.0,204223.0,206947.0,209180.0,209126.0,206947.0,206892.0,207001.0,207001.0,211304.0,206990.0,207001.0,206947.0,207000.0,205857.0,209725.0,212448.0,216806.0,217515.0,217841.0,218864.0,,229578.0,230950.0,231395.0,235000.0,240000.0,249500.0,253950.0,252500.0,249950.0,252950.0,255950.0,259000.0,262450.0,265950.0,268500.0,275750.0
394367,69,"Baton Rouge, LA",Msa,LA,232500.0,230000.0,229900.0,234900.0,239000.0,244900.0,249900.0,249999.0,245244.0,244500.0,244500.0,240000.0,240290.0,239900.0,240000.0,244900.0,247000.0,254500.0,259000.0,255000.0,250000.0,248265.0,244900.0,244000.0,242900.0,240000.0,239900.0,244900.0,249900.0,249000.0,251000.0,259900.0,263090.0,268350.0,272000.0,273585.0,269570.0,269900.0,269000.0,274900.0,284900.0,295000.0,303900.0,300000.0,299900.0,297990.0,299000.0,299900.0,316972.0,329000.0,339900.0,342900.0,340000.0
394521,70,"Dayton, OH",Msa,OH,146113.0,135282.0,135390.0,139614.0,147250.0,151528.0,155794.0,162360.0,167883.0,162360.0,156944.0,156944.0,154345.0,151528.0,156778.0,156944.0,167775.0,173191.0,182939.0,189438.0,200269.0,194853.0,184022.0,180865.0,180881.0,175455.0,176548.0,189438.0,211208.0,214349.0,224097.0,227347.0,216516.0,215108.0,216516.0,219000.0,214900.0,209900.0,214900.0,230000.0,229500.0,235000.0,249900.0,245000.0,239900.0,234000.0,225000.0,215000.0,219900.0,222745.0,225000.0,250000.0,252000.0
394843,71,"McAllen, TX",Msa,TX,195000.0,190000.0,191500.0,189999.0,189900.0,194900.0,193000.0,195000.0,195000.0,195000.0,198000.0,192000.0,190000.0,189900.0,190000.0,198500.0,199500.0,205000.0,209000.0,209900.0,205000.0,200000.0,199900.0,200000.0,200000.0,199900.0,199500.0,199000.0,199500.0,199000.0,209000.0,216000.0,220000.0,220000.0,229000.0,232990.0,230000.0,225000.0,222990.0,230000.0,239900.0,245000.0,249000.0,252000.0,254900.0,259000.0,255000.0,260000.0,259800.0,255000.0,258995.0,259900.0,259900.0
394486,72,"Columbia, SC",Msa,SC,194717.0,189965.0,189965.0,194717.0,203365.0,213723.0,218475.0,223321.0,218475.0,216574.0,218475.0,213818.0,223321.0,223321.0,226077.0,226172.0,230448.0,236625.0,236625.0,236625.0,227978.0,223321.0,223226.0,218475.0,215327.0,216669.0,218570.0,225222.0,229964.0,232166.0,237100.0,237481.0,241759.0,243753.0,237481.0,239000.0,243400.0,242473.0,243490.0,249900.0,256089.0,260000.0,265820.0,266400.0,273100.0,275000.0,280400.0,283200.0,290000.0,293170.0,295000.0,303400.0,310984.0
394648,73,"Greensboro, NC",Msa,NC,196930.0,194900.0,194000.0,206900.0,219000.0,229900.0,239900.0,234900.0,247000.0,259900.0,257000.0,252500.0,249900.0,244900.0,250000.0,259900.0,269900.0,279900.0,289900.0,274900.0,272794.0,263805.0,267500.0,264282.0,260207.0,261000.0,258990.0,259900.0,265000.0,259900.0,279000.0,290990.0,289990.0,295000.0,279900.0,269900.0,264750.0,265000.0,269900.0,271000.0,281990.0,285778.0,289000.0,299900.0,306000.0,304900.0,302990.0,306900.0,314900.0,324400.0,332400.0,339000.0,350000.0
394304,74,"Akron, OH",Msa,OH,149900.0,147900.0,139900.0,144900.0,152400.0,159777.0,169900.0,174900.0,174900.0,169000.0,164900.0,159900.0,154900.0,149900.0,149900.0,155000.0,162000.0,164900.0,175000.0,179900.0,178777.0,174900.0,168000.0,164900.0,157900.0,149900.0,149900.0,157500.0,164900.0,169900.0,179900.0,185000.0,189000.0,189000.0,175000.0,179900.0,169900.0,164342.0,164100.0,174900.0,190000.0,202400.0,209000.0,209000.0,199900.0,199900.0,189900.0,184900.0,179900.0,169900.0,159000.0,178000.0,197000.0
753906,75,"North Port-Sarasota-Bradenton, FL",Msa,FL,358250.0,359900.0,359900.0,360000.0,364900.0,359900.0,369000.0,369900.0,369999.0,365000.0,359000.0,359000.0,355000.0,355000.0,359000.0,359990.0,369000.0,375000.0,379000.0,380000.0,379000.0,374900.0,369000.0,375000.0,379000.0,377500.0,375000.0,375000.0,375000.0,364990.0,365000.0,375000.0,384655.0,380000.0,383000.0,385000.0,383990.0,390990.0,389000.0,399900.0,423999.0,439000.0,449900.0,466990.0,475889.0,477990.0,489900.0,505990.0,525000.0,536995.0,546412.0,582990.0,620000.0
394798,76,"Little Rock, AR",Msa,AR,166145.0,170393.0,170855.0,173533.0,175380.0,178151.0,180090.0,179998.0,177319.0,175380.0,175380.0,177781.0,175471.0,175380.0,175380.0,177319.0,183784.0,187478.0,198561.0,198561.0,198561.0,198561.0,193851.0,193943.0,191357.0,191172.0,191172.0,193943.0,202255.0,203178.0,207796.0,207704.0,206873.0,203178.0,207796.0,209092.0,213359.0,213273.0,215000.0,215000.0,234900.0,232000.0,229900.0,235000.0,235000.0,230000.0,229500.0,230000.0,225000.0,219900.0,224900.0,225000.0,235000.0
395134,77,"Stockton, CA",Msa,CA,379000.0,379950.0,385000.0,384900.0,375000.0,390000.0,387000.0,395000.0,395000.0,385000.0,385000.0,384000.0,379000.0,380000.0,374900.0,375000.0,389000.0,415000.0,422000.0,429000.0,440000.0,440000.0,434777.0,433520.0,439900.0,439000.0,430000.0,435000.0,439900.0,435590.0,439950.0,459990.0,469900.0,479999.0,479888.0,485000.0,480000.0,494950.0,482000.0,499999.0,495000.0,525000.0,535000.0,560000.0,575000.0,574950.0,560000.0,553950.0,569900.0,585000.0,589000.0,602336.0,639950.0
394457,78,"Charleston, SC",Msa,SC,359370.0,358929.0,358480.0,367465.0,372855.0,377258.0,381840.0,379144.0,376898.0,368363.0,359370.0,358929.0,356854.0,350394.0,354886.0,368362.0,377347.0,381840.0,381840.0,381840.0,375551.0,363871.0,359289.0,359289.0,358929.0,358480.0,358480.0,365659.0,377258.0,369252.0,385433.0,392621.0,395316.0,401606.0,403402.0,405000.0,406990.0,414010.0,416900.0,434905.0,446990.0,455440.0,488298.0,490000.0,463900.0,445000.0,428500.0,436200.0,435990.0,435000.0,459900.0,489900.0,507990.0
395143,79,"Syracuse, NY",Msa,NY,130961.0,129270.0,126818.0,134428.0,139416.0,143643.0,143643.0,143643.0,147109.0,147109.0,143728.0,143643.0,143643.0,142628.0,143643.0,147870.0,152098.0,160552.0,164779.0,167400.0,164779.0,159791.0,159791.0,156325.0,156325.0,156409.0,158016.0,164779.0,169007.0,179998.0,185916.0,190143.0,190228.0,186000.0,190228.0,192777.0,184900.0,184900.0,178840.0,184900.0,194000.0,199900.0,209900.0,214900.0,199900.0,183000.0,179900.0,179900.0,173500.0,174500.0,164900.0,189000.0,189900.0
394484,80,"Colorado Springs, CO",Msa,CO,468411.0,481872.0,473354.0,463027.0,468411.0,461951.0,457536.0,430615.0,414571.0,408003.0,403803.0,403803.0,403803.0,404880.0,423645.0,430615.0,446875.0,446875.0,457536.0,463027.0,479072.0,462920.0,462920.0,462920.0,468304.0,460335.0,457643.0,459149.0,477138.0,483487.0,484564.0,484564.0,495332.0,484564.0,471103.0,463027.0,463026.0,463027.0,463000.0,511100.0,512990.0,524990.0,575000.0,596490.0,579900.0,569900.0,550000.0,563880.0,564500.0,575000.0,586995.0,595000.0,600000.0
395235,81,"Winston-Salem, NC",Msa,NC,209900.0,209900.0,210000.0,215000.0,215000.0,222000.0,220000.0,226000.0,247900.0,250000.0,249900.0,248900.0,240895.0,244900.0,248900.0,255000.0,265000.0,277000.0,287900.0,284950.0,284900.0,280000.0,282500.0,284900.0,277775.0,275000.0,275000.0,289900.0,290000.0,281900.0,299900.0,308000.0,309900.0,304280.0,296900.0,288500.0,280800.0,275800.0,279900.0,279900.0,283190.0,285000.0,289900.0,295400.0,298300.0,295500.0,299998.0,305900.0,305000.0,305900.0,314990.0,312900.0,326900.0
395224,82,"Wichita, KS",Msa,KS,175000.0,174900.0,179900.0,193000.0,199900.0,209900.0,209900.0,204900.0,203900.0,199900.0,198000.0,196650.0,187000.0,187700.0,195000.0,199900.0,211900.0,220950.0,225000.0,225639.0,219000.0,215000.0,214900.0,215000.0,209500.0,199900.0,199350.0,205000.0,224500.0,229800.0,249500.0,267000.0,267600.0,259700.0,230000.0,234190.0,232500.0,225700.0,229900.0,254900.0,254900.0,248800.0,239900.0,225000.0,222500.0,223500.0,219500.0,234000.0,245000.0,245000.0,255000.0,269000.0,269000.0
395115,83,"Springfield, MA",Msa,MA,242439.0,242439.0,237402.0,242439.0,256525.0,265760.0,269584.0,270424.0,265760.0,256432.0,250928.0,247103.0,242533.0,235070.0,237775.0,238708.0,251768.0,265853.0,278913.0,279752.0,276021.0,277513.0,274248.0,269584.0,256991.0,258764.0,261096.0,269584.0,284509.0,297569.0,307737.0,319490.0,326393.0,326393.0,317065.0,319900.0,310500.0,295500.0,295000.0,315000.0,339900.0,364900.0,350000.0,348000.0,340000.0,329900.0,325000.0,309500.0,304999.0,309000.0,325000.0,300000.0,319999.0
394440,84,"Fort Myers, FL",Msa,FL,248381.0,248464.0,248463.0,248463.0,248464.0,251777.0,248381.0,248381.0,248381.0,247843.0,247636.0,248381.0,247636.0,244323.0,245979.0,247636.0,247636.0,247636.0,247636.0,247636.0,246808.0,244323.0,244240.0,247985.0,248381.0,255918.0,256746.0,264946.0,269087.0,260473.0,265028.0,272482.0,272482.0,270826.0,269169.0,272482.0,271654.0,269169.0,269900.0,280000.0,,,384900.0,389900.0,398900.0,399900.0,418990.0,445000.0,449900.0,449000.0,449900.0,489000.0,520000.0
394399,85,"Boise City, ID",Msa,ID,309900.0,328990.0,339900.0,359900.0,344900.0,359000.0,365900.0,360000.0,354900.0,349990.0,349990.0,345000.0,339999.0,339900.0,343990.0,353990.0,369000.0,384900.0,390000.0,389900.0,385000.0,379900.0,376905.0,368011.0,369000.0,369900.0,378995.0,389540.0,396955.0,394990.0,399900.0,414900.0,424990.0,424900.0,429900.0,439900.0,460300.0,459200.0,463900.0,484888.0,499999.0,529990.0,554900.0,567368.0,557900.0,549175.0,544900.0,549900.0,550000.0,569990.0,610900.0,650000.0,670000.0
395160,86,"Toledo, OH",Msa,OH,129900.0,125900.0,125000.0,125900.0,139000.0,145000.0,149900.0,149900.0,149900.0,143500.0,143500.0,143000.0,139900.0,139900.0,139900.0,141000.0,163500.0,175000.0,185000.0,186900.0,179900.0,173650.0,165000.0,164500.0,159900.0,159900.0,159777.0,159900.0,164900.0,174900.0,195500.0,199900.0,204900.0,219900.0,199999.0,199950.0,185500.0,184900.0,189000.0,203950.0,200600.0,199900.0,204900.0,197900.0,195000.0,179900.0,169900.0,165000.0,160000.0,155000.0,149900.0,150000.0,170000.0
394816,87,"Madison, WI",Msa,WI,289900.0,289900.0,299900.0,310000.0,317900.0,319900.0,319000.0,319900.0,319900.0,309900.0,305000.0,300000.0,299900.0,305000.0,314900.0,329900.0,339900.0,334900.0,339500.0,339000.0,330000.0,329900.0,325000.0,324900.0,324900.0,324900.0,329900.0,344000.0,349900.0,349900.0,354900.0,359000.0,349900.0,344900.0,335000.0,344900.0,348100.0,359900.0,369300.0,370697.0,369900.0,370000.0,379900.0,375000.0,375000.0,369900.0,367900.0,372000.0,379900.0,389900.0,401400.0,408050.0,414900.0
394766,88,"Lakeland, FL",Msa,FL,230890.0,230952.0,226929.0,232087.0,235980.0,237244.0,237244.0,237244.0,237946.0,237141.0,233634.0,231984.0,231055.0,231984.0,231984.0,232077.0,232087.0,236213.0,241886.0,240855.0,241267.0,239524.0,238127.0,237244.0,237141.0,237234.0,237244.0,242402.0,243292.0,241267.0,242108.0,243423.0,247549.0,250355.0,252717.0,253389.0,255315.0,259091.0,259900.0,261832.0,272490.0,,299000.0,306000.0,309900.0,310990.0,319900.0,325000.0,325990.0,332735.0,335500.0,343995.0,354950.0
394931,89,"Ogden, UT",Msa,UT,337334.0,337334.0,347610.0,363179.0,378748.0,381966.0,383502.0,388194.0,383938.0,373662.0,373558.0,366293.0,368473.0,373662.0,384042.0,393383.0,403763.0,409991.0,403763.0,394421.0,393383.0,389232.0,376257.0,363179.0,367850.0,373652.0,390269.0,401064.0,399611.0,394317.0,414661.0,430750.0,441025.0,435836.0,441025.0,444500.0,450000.0,459900.0,459625.0,474950.0,489990.0,502000.0,519900.0,525000.0,514500.0,519900.0,524900.0,515000.0,519700.0,541030.0,553750.0,580000.0,575900.0
394528,90,"Daytona Beach, FL",Msa,FL,269900.0,269900.0,269000.0,273000.0,274900.0,279000.0,288900.0,289000.0,289000.0,284900.0,279900.0,278000.0,274900.0,274900.0,274900.0,275000.0,280000.0,288000.0,289500.0,289000.0,284900.0,279900.0,277990.0,277000.0,278000.0,279500.0,279000.0,285000.0,288750.0,279900.0,281500.0,284999.0,289500.0,289000.0,290900.0,293900.0,295000.0,294900.0,298900.0,305000.0,310000.0,325000.0,329900.0,339900.0,340000.0,345000.0,349900.0,357000.0,355000.0,350000.0,359000.0,378900.0,385000.0
394531,91,"Des Moines, IA",Msa,IA,270943.0,271040.0,275880.0,283789.0,289432.0,290303.0,290303.0,290303.0,290303.0,283527.0,280623.0,280623.0,278494.0,275783.0,275880.0,279752.0,283527.0,285560.0,284108.0,283624.0,278687.0,270943.0,266200.0,256520.0,252551.0,251680.0,256520.0,264772.0,267071.0,268316.0,272202.0,278079.0,275880.0,270943.0,269995.0,270000.0,268990.0,270150.0,274000.0,279500.0,288000.0,298450.0,309900.0,313750.0,320000.0,315000.0,314300.0,315000.0,319950.0,325000.0,334500.0,348500.0,353990.0
395006,100,"Provo, UT",Msa,UT,386426.0,383045.0,388747.0,409480.0,414662.0,403675.0,397455.0,393826.0,392893.0,393930.0,388643.0,383460.0,378380.0,378380.0,382527.0,390717.0,401173.0,398077.0,397714.0,399113.0,403260.0,404193.0,403156.0,396936.0,395796.0,401187.0,403260.0,414663.0,430110.0,416429.0,430213.0,445659.0,461831.0,475246.0,484016.0,475802.0,492402.0,496549.0,499900.0,499900.0,493548.0,518990.0,535000.0,550000.0,549900.0,550000.0,548765.0,544900.0,552500.0,575000.0,599990.0,645000.0,668900.0
394549,104,"Durham, NC",Msa,NC,362985.0,358456.0,358456.0,375245.0,385681.0,385681.0,387999.0,377423.0,371161.0,362994.0,362903.0,362903.0,362086.0,361179.0,362086.0,377271.0,390128.0,390218.0,393848.0,388313.0,381144.0,372069.0,362994.0,354736.0,358456.0,362903.0,374337.0,390218.0,403831.0,389311.0,396480.0,408368.0,416251.0,426064.0,425610.0,427812.0,426861.0,418210.0,420000.0,429500.0,449000.0,485000.0,480000.0,485800.0,467250.0,475000.0,478262.0,478262.0,479900.0,469760.0,475000.0,510000.0,540000.0
394602,159,"Fort Collins, CO",Msa,CO,436286.0,443736.0,449815.0,445000.0,450000.0,458457.0,458457.0,462056.0,450000.0,445600.0,440000.0,440000.0,435771.0,435000.0,435000.0,439000.0,443225.0,442450.0,449900.0,449900.0,439900.0,434900.0,435000.0,435000.0,437000.0,435000.0,446802.0,456000.0,468700.0,465000.0,468720.0,479000.0,479870.0,475000.0,465000.0,460000.0,465000.0,467000.0,458900.0,449900.0,443900.0,459900.0,475896.0,485000.0,499000.0,500990.0,549900.0,550000.0,555760.0,575000.0,550000.0,527000.0,535000.0
